Workbook

Sheet DanhSach
A1: Mã BĐS | B1: Tên BĐS | C1: Loại BĐS | D1: Giá bán (VND) | E1: Mã MG | F1: Môi giới | G1: Tỷ lệ hoa hồng | H1: Hoa hồng (VND) | I1: Chiết khấu (%) | J1: Giá sau chiết khấu (VND) | K1: Giá thuê/tháng (VND)
A2: SH001 | B2: Villa Riverside | C2: Biệt thự | D2: 15000000000 | E2: MG01 | F2: =VLOOKUP(E2,BangMoiGioi!$A$2:$C$5,2,FALSE()) -> Nguyễn An | G2: =VLOOKUP(E2,BangMoiGioi!$A$2:$C$5,3,FALSE()) -> 0.02 | H2: =D2*G2 -> 300000000 | I2: 0.05 | J2: =D2*(1-I2) -> 14250000000 | K2: =D2*ThamSo!$B$1/12 -> 75000000
A3: SH002 | B3: Sunrise Apartment | C3: Căn hộ | D3: 3200000000 | E3: MG02 | F3: =VLOOKUP(E3,BangMoiGioi!$A$2:$C$5,2,FALSE()) -> Trần Minh | G3: =VLOOKUP(E3,BangMoiGioi!$A$2:$C$5,3,FALSE()) -> 0.015 | H3: =D3*G3 -> 48000000 | I3: 0.03 | J3: =D3*(1-I3) -> 3104000000 | K3: =D3*ThamSo!$B$1/12 -> 16000000
A4: SH003 | B4: Green Park House | C4: Nhà phố | D4: 6800000000 | E4: MG03 | F4: =VLOOKUP(E4,BangMoiGioi!$A$2:$C$5,2,FALSE()) -> Lê Hằng | G4: =VLOOKUP(E4,BangMoiGioi!$A$2:$C$5,3,FALSE()) -> 0.018 | H4: =D4*G4 -> 122400000 | I4: 0.04 | J4: =D4*(1-I4) -> 6528000000 | K4: =D4*ThamSo!$B$1/12 -> 34000000
A5: SH004 | B5: Skyline Apartment | C5: Căn hộ | D5: 2650000000 | E5: MG02 | F5: =VLOOKUP(E5,BangMoiGioi!$A$2:$C$5,2,FALSE()) -> Trần Minh | G5: =VLOOKUP(E5,BangMoiGioi!$A$2:$C$5,3,FALSE()) -> 0.015 | H5: =D5*G5 -> 39750000 | I5: 0.02 | J5: =D5*(1-I5) -> 2597000000 | K5: =D5*ThamSo!$B$1/12 -> 13250000
A6: SH005 | B6: Ocean View Villa | C6: Biệt thự | D6: 18500000000 | E6: MG01 | F6: =VLOOKUP(E6,BangMoiGioi!$A$2:$C$5,2,FALSE()) -> Nguyễn An | G6: =VLOOKUP(E6,BangMoiGioi!$A$2:$C$5,3,FALSE()) -> 0.02 | H6: =D6*G6 -> 370000000 | I6: 0.05 | J6: =D6*(1-I6) -> 17575000000 | K6: =D6*ThamSo!$B$1/12 -> 92500000
A7: SH006 | B7: Central House | C7: Nhà phố | D7: 5200000000 | E7: MG04 | F7: =VLOOKUP(E7,BangMoiGioi!$A$2:$C$5,2,FALSE()) -> Phạm Nam | G7: =VLOOKUP(E7,BangMoiGioi!$A$2:$C$5,3,FALSE()) -> 0.016 | H7: =D7*G7 -> 83200000 | I7: 0.04 | J7: =D7*(1-I7) -> 4992000000 | K7: =D7*ThamSo!$B$1/12 -> 26000000
A9: Tổng | D9: =SUM(D2:D7) -> 51350000000 | H9: =SUM(H2:H7) -> 963350000 | J9: =SUM(J2:J7) -> 49046000000 | K9: =SUM(K2:K7) -> 256750000
A11: Chú thích: chữ xanh = ô nhập liệu; chữ đen = công thức. Mỗi cột là 1 Field, mỗi hàng là 1 Record, không Merge Cell.

Sheet BangMoiGioi
A1: Mã MG | B1: Môi giới | C1: Tỷ lệ hoa hồng
A2: MG01 | B2: Nguyễn An | C2: 0.02
A3: MG02 | B3: Trần Minh | C3: 0.015
A4: MG03 | B4: Lê Hằng | C4: 0.018
A5: MG04 | B5: Phạm Nam | C5: 0.016
A7: Khóa tra cứu = cột A (Mã MG), phải nằm ở cột ĐẦU của vùng tra cứu.

Sheet ThamSo
A1: Lợi suất cho thuê (%/năm) | B1: 0.06
A2: Giả định: giá thuê/tháng = Giá bán × lợi suất ÷ 12 (giả định minh họa của nhóm dự án).

Sheet KiemThu
A1: KIỂM THỬ: trôi vùng tra cứu khi kéo công thức
A3: Hàng | B3: Công thức SAI (không có $) | C3: Vùng tra cứu thực tế | D3: Công thức ĐÚNG ($) | E3: Vùng tra cứu thực tế
A4: 2 | B4: =VLOOKUP(E2,BangMoiGioi!A2:C5,3,FALSE) | C4: A2:C5 | D4: =VLOOKUP(E2,BangMoiGioi!$A$2:$C$5,3,FALSE) | E4: $A$2:$C$5
A5: 3 | B5: =VLOOKUP(E3,BangMoiGioi!A3:C6,3,FALSE) | C5: A3:C6 | D5: =VLOOKUP(E3,BangMoiGioi!$A$2:$C$5,3,FALSE) | E5: $A$2:$C$5
A6: 4 | B6: =VLOOKUP(E4,BangMoiGioi!A4:C7,3,FALSE) | C6: A4:C7 | D6: =VLOOKUP(E4,BangMoiGioi!$A$2:$C$5,3,FALSE) | E6: $A$2:$C$5
A7: 5 | B7: =VLOOKUP(E5,BangMoiGioi!A5:C8,3,FALSE) | C7: A5:C8 | D7: =VLOOKUP(E5,BangMoiGioi!$A$2:$C$5,3,FALSE) | E7: $A$2:$C$5
A10: Hàng 2: vùng A2:C5 còn đủ MG01–MG04 → kết quả đúng.
A11: Hàng 3: vùng trôi xuống A3:C6 → mất dòng MG01; tra MG01 báo lỗi không tìm thấy (N/A).
A12: Hàng 4–5: vùng trôi tiếp, mất dần dữ liệu → lỗi N/A hoặc kết quả sai.
A13: Cách sửa: khóa vùng bằng $A$2:$C$5 (F4). Khóa cả cột và hàng; kéo xuống vùng vẫn đứng yên.
